name	variant	aa	alt_ad	dp	aaf	mutation_label
AY.132_90%_and_AY.63_10%	(1418, 'G', 'A')	ORF1ab:A385T	240	244	0.9836065573770492	AY.132
AY.132_90%_and_AY.63_10%	(2172, 'A', 'G')	ORF1ab:K636R	236	240	0.9833333333333333	AY.132
AY.132_90%_and_AY.63_10%	(4181, 'G', 'T')	ORF1ab:A1306S	251	253	0.9920948616600791	AY.132
AY.132_90%_and_AY.63_10%	(4754, 'C', 'T')	ORF1ab:P1497S	243	247	0.9838056680161943	AY.132
AY.132_90%_and_AY.63_10%	(5184, 'C', 'T')	ORF1ab:P1640L	0	0	0	AY.63
AY.132_90%_and_AY.63_10%	(6402, 'C', 'T')	ORF1ab:P2046L	246	246	1.0	AY.132
AY.132_90%_and_AY.63_10%	(7124, 'C', 'T')	ORF1ab:P2287S	246	249	0.9879518072289156	AY.132
AY.132_90%_and_AY.63_10%	(7886, 'A', 'G')	ORF1ab:I2541V	0	0	0	AY.63
AY.132_90%_and_AY.63_10%	(8964, 'C', 'T')	ORF1ab:S2900L	0	0	0	AY.63
AY.132_90%_and_AY.63_10%	(9053, 'G', 'T')	ORF1ab:V2930L	243	244	0.9959016393442623	AY.132
AY.132_90%_and_AY.63_10%	(9891, 'C', 'T')	ORF1ab:A3209V	0	0	0	AY.63
AY.132_90%_and_AY.63_10%	(10029, 'C', 'T')	ORF1ab:T3255I	240	242	0.9917355371900827	AY.132
AY.132_90%_and_AY.63_10%	(11201, 'A', 'G')	ORF1ab:T3646A	246	248	0.9919354838709677	AY.132
AY.132_90%_and_AY.63_10%	(11418, 'T', 'C')	ORF1ab:V3718A	0	0	0	AY.63
AY.132_90%_and_AY.63_10%	(11514, 'C', 'T')	ORF1ab:T3750I	0	0	0	AY.63
AY.132_90%_and_AY.63_10%	(14246, 'A', 'G')	ORF1ab:I4661V	0	0	0	AY.63
AY.132_90%_and_AY.63_10%	(16466, 'C', 'T')	ORF1ab:H5401Y	248	248	1.0	Both
AY.132_90%_and_AY.63_10%	(19500, 'T', 'C')	ORF1ab:M6412T	235	239	0.9832635983263598	AY.132
AY.132_90%_and_AY.63_10%	(19908, 'A', 'G')	ORF1ab:Y6548C	241	247	0.9757085020242915	AY.132
AY.132_90%_and_AY.63_10%	(21618, 'C', 'G')	S:T19R	244	247	0.9878542510121457	Both
AY.132_90%_and_AY.63_10%	(22227, 'C', 'T')	S:A222V	0	0	0	AY.63
AY.132_90%_and_AY.63_10%	(22917, 'T', 'G')	S:L452R	244	247	0.9878542510121457	Both
AY.132_90%_and_AY.63_10%	(22995, 'C', 'A')	S:T478K	245	249	0.9839357429718876	Both
AY.132_90%_and_AY.63_10%	(23403, 'A', 'G')	S:D614G	241	244	0.9877049180327869	Both
AY.132_90%_and_AY.63_10%	(23604, 'C', 'G')	S:P681R	246	250	0.984	Both
AY.132_90%_and_AY.63_10%	(25469, 'C', 'T')	ORF3a:S26L	243	247	0.9838056680161943	Both
AY.132_90%_and_AY.63_10%	(25855, 'G', 'T')	ORF3a:D155Y	245	247	0.9919028340080972	AY.132
AY.132_90%_and_AY.63_10%	(26767, 'T', 'C')	M:I82T	242	247	0.979757085020243	Both
AY.132_90%_and_AY.63_10%	(27638, 'T', 'C')	ORF7a:V82A	248	249	0.9959839357429718	Both
AY.132_90%_and_AY.63_10%	(27752, 'C', 'T')	ORF7a:T120I	245	246	0.9959349593495935	Both
AY.132_90%_and_AY.63_10%	(27874, 'C', 'T')	ORF7b:T40I	233	242	0.9628099173553719	AY.132
AY.132_90%_and_AY.63_10%	(27881, 'C', 'A')	ORF7b:H42Q	237	245	0.9673469387755103	AY.132
AY.132_90%_and_AY.63_10%	(28461, 'A', 'G')	N:D63G	237	238	0.9957983193277311	Both
AY.132_90%_and_AY.63_10%	(28881, 'G', 'T')	N:R203M	224	226	0.9911504424778761	Both
AY.132_90%_and_AY.63_10%	(28916, 'G', 'T')	N:G215C	215	241	0.8921161825726142	AY.132
AY.132_90%_and_AY.63_10%	(29402, 'G', 'T')	N:D377Y	0	0	nan	Both
AY.132_90%_and_AY.63_10%	(29616, 'G', 'T')	ORF10:R20I	0	0	0	AY.63
